3.910386605222751499e-02,3.610244554214035289e-06,1.816693497310427758e-05,2.091770759612401800e-05,6.067673064421265126e-06,2.755414341557347413e-07,1.256665658904921893e-07,9.207431913258234266e-06,1.999198822674450905e-04,5.247560555988902125e-04,0.000000000000000000e+00,2.186729765067578363e-05,1.408813406158527822e-05,2.777249415043812845e-06,5.470943448868334615e-06,2.571369308060158002e-05,1.358243818447284364e-04,7.950643364395322051e-07,1.055552661660677203e-05,2.453291376138576637e-06,5.220754826649049461e-06,2.011813531194985724e-06,1.460185216958965625e-04,1.701526018366044307e-05,0.000000000000000000e+00,1.171622318659689584e-06,5.702665030788173515e-06,4.016497154975461723e-07,6.382558782365071493e-06,6.759142979596859602e-06,1.487907107443224798e-05,4.673063653782693217e-05,0.000000000000000000e+00,1.484947213378610196e-05,8.081353060767858040e-06,5.369659466348407465e-07,9.396232608246950387e-06,0.000000000000000000e+00,2.738447609118090412e-05,4.491156337599838760e-07,1.956200649613330800e-04,1.217411335800035839e-04,1.049609041179876077e-06,7.743988190191769351e-07,2.454646611623517008e-05,3.168944468311152267e-06,2.704514004463277982e-06,2.325702358154959917e-06,4.500663202470468447e-07
5.131659679765255610e-06,8.805144912742741969e-02,1.298648998422572514e-05,1.028201318709663767e-03,7.973294777934900979e-05,2.863529566939578583e-06,1.256665658904921893e-07,1.056234130609462987e-05,4.153643784298136386e-05,2.749506082363988707e-05,8.985720011683820773e-06,5.075457522800532671e-05,1.710687607651995509e-05,7.999163646974862977e-06,3.604735260191037929e-05,7.621866174704118307e-06,1.484371225987619245e-05,8.275077333698426543e-07,1.013035031372585736e-05,1.172608486757156397e-05,1.728749585315985816e-05,1.471852065536367513e-05,5.491556657072988694e-06,3.198799462142902478e-05,4.498757112785088036e-06,1.061927913056316046e-05,2.562627720412506390e-04,2.274184683902383367e-06,1.605261099895202663e-05,1.804832912927673862e-04,3.699751598271368709e-05,1.744526119800919511e-05,1.663714445499424645e-06,2.148244012590805500e-05,4.036702452095324234e-05,1.917904869276406492e-05,1.567270293718690444e-05,6.776328651046001817e-07,3.596127632537406023e-06,2.728018842275164080e-06,1.450767946502648288e-05,2.426878604451221920e-04,6.151111845142201190e-05,1.051317708744569559e-06,1.008021414130170976e-05,3.354447623346341352e-05,2.929804716479809911e-06,1.260921617916593359e-05,3.206352074738281031e-06
2.804843505919450762e-05,1.067472720788806382e-05,1.721722712586174625e-02,3.166969549380703420e-05,1.205339119790407365e-05,1.478126413103929328e-06,0.000000000000000000e+00,3.160120039726404854e-06,2.160152212140911170e-05,4.271513582288327503e-05,4.258580178722964820e-07,4.270682381129970909e-05,1.338560211777070359e-05,3.337031262115021664e-06,1.624737070792988739e-05,1.636646789733147092e-05,4.499279224041979755e-05,5.190811868324783545e-07,5.847559625329075796e-06,1.631338304153539105e-06,6.214494157314061442e-06,3.320696701837955322e-06,3.929611810155288134e-05,6.717453378668335640e-05,6.726093435083994829e-07,3.044161333323298322e-06,8.136492695143928067e-06,1.307122562395530026e-07,4.524537364256616316e-06,1.264687204650269756e-05,1.074999138680271563e-05,2.225454498959212151e-05,1.256665658904921893e-07,1.081534278596842220e-05,8.874812795148196787e-05,1.518001836680604529e-06,7.987787411169732868e-06,1.256665658904921893e-07,5.795810044053979785e-06,6.681199183257130171e-07,1.291962545832030034e-04,2.569951319098365034e-04,2.233937007757879765e-06,2.759831496070539565e-07,9.981794706789688757e-06,1.775216795582657663e-06,2.636515240989628712e-06,3.020903717435610822e-06,1.355796869997804152e-06
2.239664393098832133e-05,1.046209847951671320e-03,3.303057003338285571e-05,6.731640385915936831e-01,2.210718196413443640e-04,2.371992714100446364e-05,6.497184370704240211e-06,7.207592758008044378e-05,2.513055674004247204e-04,1.538558276026261564e-04,3.128577680920719908e-05,2.107275707110108293e-04,5.438854539923154355e-05,1.633823517183701288e-05,2.144645803031167695e-04,2.953039915410055668e-05,7.216010583496328427e-05,4.148432366130685164e-06,6.259006717054440411e-05,7.278191862611235958e-05,6.778100781404564166e-05,3.990284398457697395e-05,1.839129508089510327e-05,9.168060666481980998e-05,8.594473147119685482e-06,2.479591900500304705e-05,1.367895811079753972e-03,4.795147657778345800e-06,1.693556450560396371e-04,3.524151491346125026e-04,3.565097036202092141e-04,7.027742438817575663e-05,3.254159384004800724e-06,7.767463483027680900e-05,1.102170260665471602e-04,2.548846608413599677e-04,1.048693232227382489e-04,6.117119997550364595e-06,2.619571134894393421e-05,8.060048009211199087e-06,7.536189529586511250e-05,6.876708238722739315e-04,1.960887631700074382e-04,1.145550686225550194e-05,6.061389785816162962e-05,2.145923127061037086e-04,1.159404353952684512e-05,2.760881015261853504e-05,1.742654498656902515e-05
6.694808404643841853e-06,6.877313738742272782e-05,1.174317849856012107e-05,2.252357988655866183e-04,5.391487679287291362e-02,2.255067158708258348e-06,1.498748682652425520e-07,9.774972952712073217e-06,5.262061959522609241e-05,2.160919188945445630e-05,1.789139867484117188e-05,7.825115501305558046e-05,2.347482597100153100e-05,2.821699850449715569e-05,9.720248178736440705e-05,7.176234763124992421e-06,2.130573067027271292e-05,6.251434252459617793e-07,1.029868212215485913e-05,8.320838850155395949e-06,1.782815793951293842e-05,2.243285700481047868e-05,6.504549141766179843e-06,5.118989521519219877e-05,6.747172394677471332e-06,7.623716571993997685e-05,7.632906673319749360e-05,5.743404841991567708e-07,1.743123796642907973e-05,6.997717518705176608e-05,3.511625246380256328e-05,1.493441237407115744e-05,3.480199066597139959e-06,2.055369012104355813e-05,3.599439637206466804e-05,1.765404783276040748e-05,1.520959798822594428e-05,9.577782741580766006e-07,4.408211420370751318e-06,1.106190145703710895e-05,2.306118565848238762e-05,2.038282364833309110e-04,1.095886292659717631e-04,8.558110396065907291e-07,1.117295409734196016e-05,2.062089311786551406e-05,4.162727046848023166e-06,1.067362485656436125e-05,6.085748519792855740e-05
1.224133927271188181e-06,3.648929291763584075e-06,1.310039619300059930e-06,1.864417724369416115e-05,2.678471584698826008e-06,3.231955257172384327e-02,4.239041267870675618e-06,7.808419719147838295e-06,2.013103578329400253e-05,5.106444386270987657e-06,0.000000000000000000e+00,7.839205710029496240e-06,2.812973847816972702e-06,1.214598811739440716e-06,4.519502942550463388e-06,3.089476868569723435e-06,2.350882426135772397e-06,8.662531124308641336e-06,2.248878880698578964e-05,3.574791837235994957e-04,4.457441993139399659e-06,8.960808845039549490e-07,1.256665658904921893e-07,6.032662694401392239e-06,4.244656159339142452e-07,2.513331317809843787e-07,2.748105925776284729e-06,2.267246809518411719e-05,1.170827146441749477e-04,1.711180363761862561e-06,5.465237251416713580e-04,1.227426331655771939e-05,0.000000000000000000e+00,1.117578398805028977e-05,1.204507431041319355e-06,1.950625112576607985e-06,5.096659920332120402e-05,9.722610463922696448e-05,3.976847874203986289e-06,7.721229861781562680e-07,5.266659645276238569e-06,7.788075603246427016e-06,1.219088236922127288e-06,9.323356432939729582e-06,1.853914200869600444e-05,2.373256611120821255e-06,5.597526514524278266e-06,1.029894210246583617e-06,7.704143186134626803e-07
1.256665658904921893e-07,1.498748682652425520e-07,8.916136280741285712e-07,7.343040748080623820e-06,2.805871245047955810e-07,4.568166400691208352e-06,5.092933180268508463e-03,2.885239883201274540e-05,7.799272142860661679e-06,4.949103304637769111e-06,1.498748682652425520e-07,9.436613524814476526e-07,9.499848950538357821e-07,3.006331674331235343e-07,2.997497365304851040e-07,1.349800493161680344e-06,1.942794618350783043e-06,5.757328861375390075e-07,1.651542071075959501e-04,3.563205405034192658e-06,1.368126968415361951e-06,2.805871245047955810e-07,3.001914519818043191e-07,3.001914519818043191e-07,0.000000000000000000e+00,2.513331317809843787e-07,1.294099480343682818e-06,5.551778721734672478e-07,8.269576364065459690e-05,4.295113062829750849e-07,4.234729142548357108e-05,1.067075576424294219e-05,0.000000000000000000e+00,3.025382242508345165e-06,4.066954058466069061e-07,0.000000000000000000e+00,1.661474989795843835e-04,9.444974892534555684e-07,1.896301555328268449e-06,1.079813720390750301e-06,2.508698292083123535e-06,3.116874575150972991e-06,1.307122562395530026e-07,4.965815520224215267e-07,3.462373438175735449e-05,2.997497365304851040e-07,2.169140387560387450e-06,1.503165837165617671e-07,0.000000000000000000e+00
8.803012340252648450e-06,8.690207012568318298e-06,4.468505139443584144e-06,7.104595627554839319e-05,1.045384042216814034e-05,7.763899280100628613e-06,3.723021255159911832e-05,3.486176886817443643e-02,3.720029226569030351e-05,3.244808792522419475e-05,8.028577155437731295e-07,2.801672897304706766e-05,1.066220832951228404e-05,4.043100854991356576e-06,9.679610669378786454e-06,1.672756747714464212e-05,7.816135663658610355e-06,1.346147204751001688e-06,2.359552231321122417e-03,2.024403702073806607e-05,1.012491817376608793e-05,6.906916966275786115e-06,4.250082245421998639e-06,1.631838029727794063e-05,2.513331317809843787e-07,2.074966532113142609e-06,6.697466669061735935e-06,4.547644483814887186e-06,5.807328689846963978e-05,4.757374652634569479e-06,1.048055115145913821e-04,6.224991894404265254e-05,1.368012418700306951e-06,3.769824188553338296e-05,1.002563246201921707e-05,3.560991812692526330e-06,8.482600118473432153e-05,2.287422220935145587e-06,1.393508757129960711e-05,1.805468768924162402e-06,1.804153236362439770e-05,4.084966503299154755e-05,2.610959623508059928e-06,1.911858173073910042e-06,1.290014134522968854e-03,5.389161932338002970e-06,2.498947090231734078e-05,2.792364317338134905e-06,1.518443552131923638e-06
2.191999829367679219e-04,4.529663222241257992e-05,2.195201881204488439e-05,2.822390104435321535e-04,4.214819964150361592e-05,2.286697988916821733e-05,7.137526017862876374e-06,4.092012260311292529e-05,2.403158293230317211e-01,6.755885271953228485e-04,2.176424795628884991e-06,1.130862269007078388e-04,6.331330281671524731e-05,7.839219566764359443e-06,2.838178508871871085e-05,4.559813264906154782e-05,1.238355722631441622e-04,5.046830124048454641e-06,6.504505502762047921e-05,5.608510166661053050e-05,4.985943887462107767e-05,2.573208405990995602e-05,5.930687392487187930e-05,4.082067969407248120e-05,1.982139991772715501e-06,6.624311711782742368e-06,5.880242973665290987e-05,5.856770531749468643e-06,1.191893391346603772e-04,2.034190805469539859e-05,2.335090538965885166e-04,2.150823254094056238e-04,1.683408197313718169e-06,9.823785278045852807e-05,2.580243076914740129e-05,1.103505666784728797e-05,9.558191960964935400e-05,6.695522048215752031e-06,1.318780745311452936e-04,4.500351230634726306e-06,1.306275571802074844e-04,3.273447546943963611e-04,1.025461028063508758e-05,4.545794372356801698e-06,9.153070478997407569e-05,2.200816340730525159e-05,1.515288675732104871e-05,1.654941038176165093e-05,1.267504841671628119e-06
5.355814021426803014e-04,2.798022810675131853e-05,3.967560184365200455e-05,1.482377883531833362e-04,2.424845303108157731e-05,8.299779632515258982e-06,4.546570158237583608e-06,3.296276417499955860e-05,6.726540238023529525e-04,1.144922805460514281e-01,1.359427989655622614e-06,9.750122987937105939e-05,5.332165096194621886e-05,6.210740544456144395e-06,1.502733830842100814e-05,7.818454934054176037e-05,9.408399645326641695e-05,8.507653492575300483e-07,5.597280346578156984e-05,2.160214229438496518e-05,4.392826382945815505e-05,1.031582533344647347e-05,9.647476874238501406e-05,3.258204017692739856e-05,2.017364146321018828e-06,6.557016412871958475e-06,2.619311260576872886e-05,1.621688638906736429e-06,4.783779557316416046e-05,2.048980816165181659e-05,1.000229456254753021e-04,3.202279274047256283e-04,1.498748682652425520e-07,8.288025302226288346e-05,2.369351326884004628e-05,7.639489487314465174e-06,6.025661077871012020e-05,2.831558025923427922e-06,4.522786491486366681e-04,1.482346866790934745e-06,4.089012283974804876e-04,1.820022021097060700e-04,7.146957852322475956e-06,1.695445986975512442e-06,1.347896098171761801e-04,1.351629220525739730e-05,1.234317204693653751e-05,1.259780002064680915e-05,2.009221432727654236e-06
3.687646031159166138e-07,6.652560870037678766e-06,4.258580178722964820e-07,3.495777786549380980e-05,1.418085121613462837e-05,1.498748682652425520e-07,1.498748682652425520e-07,2.513331317809843787e-07,1.959810893619231358e-06,1.181713699357811158e-06,9.103658618077719797e-03,4.715145961623402841e-06,1.181271983906492049e-06,3.639189503695670663e-06,2.161755655044653424e-06,7.982759093988916458e-07,1.249292916133001724e-06,1.503165837165617671e-07,1.307122562395530026e-07,2.318439029205461525e-06,2.135746304143014297e-06,7.054944558900290414e-07,1.498748682652425520e-07,1.805354219209107402e-06,2.348466538503285632e-05,3.668748493402885886e-06,2.370123546690865193e-05,2.563788221300452184e-07,8.517160357445929640e-07,2.010930100292347082e-06,3.130504694544718221e-06,1.075651460944327839e-06,1.498748682652425520e-07,1.046397468220516743e-06,2.056687350990091939e-06,5.317175012078687924e-05,6.822368400023417533e-07,0.000000000000000000e+00,4.719315341963518959e-07,4.254999529321141752e-06,2.513331317809843787e-07,1.024157671765466292e-05,4.884022445290570410e-05,3.462649683058597331e-07,6.626325125253329094e-07,1.290142843751959938e-04,0.000000000000000000e+00,1.341123683154801201e-06,2.038251630594058631e-05
1.703419339433649810e-05,4.704030250878600956e-05,4.321523222688991128e-05,1.984599147340823221e-04,8.425226975920445491e-05,1.020800892145535220e-05,1.257969726139880867e-06,2.510349588798440929e-05,9.620293684493295462e-05,9.241269036369751918e-05,5.590628584291425735e-06,1.449676629368655822e-01,7.051974811264025709e-04,2.621459365293500338e-04,7.140858019263677766e-05,8.505405590226038949e-05,3.171916237242492572e-05,2.266436391629707158e-06,3.088988131996292671e-05,2.365447584902642935e-05,2.143048176415883466e-04,6.702177677475037792e-05,1.972006855514605119e-05,4.990235471944493885e-04,3.932626597763721401e-06,3.565139782318380696e-05,4.622129620918551297e-05,3.324633908113039168e-06,4.589787051385822719e-05,1.830719718975386070e-05,1.369772002512292136e-04,3.742366073639995071e-05,4.538349288949841878e-06,1.843035198815384270e-04,3.087023291641484798e-05,9.503686158964955321e-06,6.462973271045699885e-05,3.523128265546260576e-06,1.425949742579184610e-05,1.175814287630008876e-05,1.022235858924043489e-04,1.398620810492972753e-04,1.197157830243813386e-05,2.797806636306950404e-06,3.073228541322848206e-05,1.844455941388403603e-05,1.424707795368543039e-05,3.870469894390121614e-04,8.558269934422047152e-06
1.149685803891381009e-05,1.218158039937840871e-05,1.215546054502048490e-05,5.018285787268927635e-05,1.655012625524970976e-05,4.753696238846120715e-06,1.070605770595266946e-06,1.197525671622658432e-05,5.148331210588251504e-05,5.451270823993356731e-05,9.485924931154534394e-07,6.969554800131454132e-04,6.221192080627755555e-02,2.561196579474814012e-05,2.308480584598359537e-05,3.658444918871549116e-04,8.073394960066381971e-06,1.119574594252370503e-06,2.073123054952693707e-05,1.340017386230767063e-05,1.828773694944653427e-04,1.680706518912397621e-05,3.875989123726477570e-06,5.449041146131705974e-05,8.183892079116442963e-07,1.150434600185326924e-05,1.389024277410854469e-05,8.553693241552716199e-07,2.021351202092788868e-05,6.040410986674069295e-06,5.384096829894336600e-05,2.839304007384463403e-05,4.016497154975461723e-07,3.019891370328688963e-04,1.172464626113641417e-05,2.083134371084278369e-06,4.987834176777044192e-05,1.224133927271188181e-06,1.038394254386145164e-05,4.256359583497618358e-06,7.820562016007563742e-05,3.958542962856899605e-05,3.188968342486620026e-06,6.826785554536608626e-07,1.945511041724687481e-05,3.853814447353619158e-06,1.133444542045285290e-05,4.392900133171013182e-05,1.369077654902425078e-06
2.858992847626262344e-06,7.136517137135231350e-06,2.713810288962184759e-06,1.874417255275417145e-05,2.949384359964045757e-05,4.258580178722964820e-07,1.307122562395530026e-07,5.715249233206049352e-06,9.990442125659572184e-06,4.479027335483070904e-06,2.144095948413629542e-06,2.802987075848272706e-04,2.333807453746031293e-05,2.272573766182989230e-02,2.290872174986516343e-05,6.710291513247220931e-06,8.270660179185234392e-07,7.375292062318332277e-07,2.431852931271866659e-06,2.426513144049355138e-06,1.582310489898198133e-05,7.283435351581703037e-05,2.453358631723001546e-06,5.923251513222253442e-05,2.215655619335762026e-06,1.667090044177783371e-04,5.508049014936968955e-06,2.291693894203989773e-06,5.701249710771087816e-06,1.723588617873797709e-06,1.262612512710346455e-05,6.836538301174635770e-06,1.883996582288480759e-06,1.775782701594873439e-05,8.750594202237206129e-06,3.971835252717738666e-06,6.216180656125895365e-06,0.000000000000000000e+00,1.797207459356970791e-06,4.321694846940669346e-05,6.574017741771682543e-06,1.586217335742319223e-05,9.655633975652740144e-06,1.498748682652425520e-07,3.889843877110183142e-06,4.883830061166438832e-06,6.757987477148986239e-07,3.947964103082038416e-05,4.785057366714085907e-06
5.095154347835760242e-06,3.299478275981699573e-05,1.553592922779452624e-05,2.038831138692055679e-04,9.204288782361072822e-05,6.791091602534306589e-06,8.609239855400761073e-07,1.037644326163065965e-05,2.340206299598377251e-05,1.630575145543481462e-05,3.141546761729903134e-06,6.952925111226263433e-05,2.055358976837138855e-05,2.147718070187257453e-05,2.292041395226820932e-02,9.668710088021194063e-06,5.530979465088391711e-06,4.062536903952877439e-07,9.538388206843560760e-06,1.426700187194661232e-05,2.403196561768877897e-05,8.458919923715661502e-06,5.788525635985480973e-06,8.248347681303660464e-04,1.748238635699867022e-06,3.627437062465751577e-05,4.191231016563541162e-05,1.307122562395530026e-07,3.295764414730902931e-05,2.237788082533393160e-05,7.543500674174119709e-05,1.052721938491881538e-05,1.632096285231169460e-06,2.996391204449149216e-05,1.080285891395660059e-04,4.365849336049533654e-06,2.436641489287926890e-05,1.609280384794801281e-06,4.819005876338127585e-06,4.491347254891583689e-06,1.847256297983757543e-05,7.815974010535045385e-05,8.283026643398533575e-06,1.680445634396245593e-06,6.840583622494969926e-06,7.196422539606305291e-06,3.133491214332738092e-06,9.278812037021971545e-06,2.792770007301730406e-06
2.400629882649203445e-05,6.404991161590703094e-06,1.646605279100240912e-05,2.636780151497344793e-05,7.308887593951759055e-06,2.098780413167204429e-06,1.262064730001878420e-06,1.709242978180799697e-05,4.870127841945673337e-05,7.115063887390384782e-05,6.822368400023417533e-07,8.938588123434894654e-05,3.832614538327799793e-04,5.559702318023600501e-06,9.496066562801789589e-06,3.091764920654340235e-02,1.048746360501562519e-05,7.110491172748336347e-07,1.816726501659208688e-05,6.325851096118492625e-06,3.605641524211109693e-05,4.956933077762687473e-06,1.164007698410440453e-05,3.803735421981514330e-05,6.447477527229705174e-07,4.002074067808206047e-06,6.057817637004434398e-06,5.761746015888582227e-07,1.573275131168373224e-05,4.020218788604425804e-06,2.453177473673894069e-05,4.349112481187740047e-05,0.000000000000000000e+00,5.713397498411265001e-04,8.704529696414975404e-06,2.499465216909870071e-06,2.371677671910419312e-05,4.258580178722964820e-07,1.787327321701492322e-05,1.507501809393976693e-06,2.771498883953102507e-04,4.668836765021358131e-05,1.317357096231370106e-06,4.500663202470468447e-07,3.275837719257392147e-05,1.363522993517620379e-06,4.181953493745944168e-05,1.043306660859056927e-05,0.000000000000000000e+00
1.305203640944547442e-04,1.257972444504314328e-05,4.614786102773293518e-05,7.108833401717570182e-05,1.418352760304661063e-05,2.141133385496156755e-06,1.155119060685756671e-06,7.180528605146697225e-06,1.172594568194572449e-04,9.354859583363756210e-05,1.970848914545644675e-06,3.288022257213753615e-05,6.073623264791963386e-06,1.009848167318255664e-06,5.316026936512802104e-06,1.142396917537894550e-05,7.676198072619980217e-02,1.503165837165617671e-07,1.168364745776545936e-05,7.070802178212582597e-06,1.016591365197917518e-05,4.652818197367300161e-06,2.878275016710615656e-04,1.227471523363516721e-05,2.759831496070539565e-07,7.493070857417880892e-07,1.168355117957699405e-05,4.258580178722964820e-07,1.132754927833768811e-05,1.544703997260254559e-05,3.154469943052130089e-05,2.962770608650476509e-05,0.000000000000000000e+00,1.215456119892282346e-05,1.776477052235366606e-05,2.680925176580554989e-06,1.200807529412469746e-05,1.028943523759520702e-06,1.064405459821423848e-05,7.996683113372738826e-07,5.255612968070176079e-05,8.238037406880649319e-04,3.366637545952866979e-06,6.272938082619744763e-07,2.135707347195035493e-05,3.959382661100083130e-06,2.785008607426442130e-06,1.208669690487741605e-06,2.513331317809843787e-07
6.443060372716513022e-07,5.994322174765455108e-07,5.418970872688464274e-07,3.853869684969291351e-06,5.369659466348407465e-07,1.120703379297699003e-05,0.000000000000000000e+00,1.684269459463496617e-06,4.531424394379514500e-06,4.944311690064088297e-07,0.000000000000000000e+00,1.196272336485759321e-06,1.307122562395530026e-07,1.731324841529298665e-07,5.190811868324783545e-07,8.874040744970757003e-07,1.498748682652425520e-07,5.791862326399217602e-03,2.420313882794752484e-06,6.786126133113485259e-05,9.440557738021364592e-07,6.251434252459617793e-07,0.000000000000000000e+00,6.822368400023417533e-07,0.000000000000000000e+00,4.016497154975461723e-07,3.038447403924828691e-07,5.277179308749986819e-05,8.367727474780884626e-06,4.258580178722964820e-07,1.757643540149633670e-05,1.487267107314987985e-06,0.000000000000000000e+00,1.959810893619231358e-06,1.498748682652425520e-07,1.268061106838002440e-06,5.260254621851608497e-06,3.484755747364251440e-06,1.200876311383500893e-06,2.759831496070539565e-07,1.005685907871833202e-06,2.004197911131453114e-06,2.759831496070539565e-07,4.644805948684013791e-06,2.141642356531900561e-06,1.498748682652425520e-07,2.563788221300452184e-07,9.006848594016965206e-07,4.944311690064088297e-07
9.905044655340598643e-06,1.027850452468259149e-05,4.357717522566122562e-06,5.314212249620178791e-05,6.376940911654612209e-06,2.174152447855527942e-05,1.651480214746157851e-04,2.240436404743422101e-03,4.947929699690818494e-05,5.029217172758366990e-05,2.805871245047955810e-07,2.078302352770638843e-05,1.816877018012784040e-05,1.712356103420264093e-06,6.810125886983438618e-06,1.450637757705924997e-05,1.066805309216019010e-05,1.881279033996141194e-06,7.961938135045078246e-02,2.589742410575360447e-05,1.288316458510589132e-05,4.372014410582525093e-06,3.554690438872998606e-06,1.366985638742104277e-05,1.098467361380696018e-06,1.932523690494265206e-06,1.013139435000141300e-05,3.165401683356757227e-06,1.528220411393482162e-04,4.336404527524419812e-06,1.577819826462792461e-04,9.477566822428435019e-05,4.537196086577254476e-07,4.889627663897894383e-05,1.042681938294644503e-05,1.548533681627743074e-06,3.881002122097748728e-04,3.801272698279280094e-06,2.620668179659498367e-05,1.969898228058581548e-06,2.875770495638729792e-05,3.420336951128568243e-05,2.052083376092349944e-06,1.829053550548113588e-06,9.398436593504419685e-04,3.751089231724502826e-06,7.974483965091088030e-05,4.340374081561408654e-06,8.325534237189034411e-07
4.370173070808686954e-06,1.020296323110629300e-05,1.883996582288480759e-06,7.359536646353893332e-05,9.232261478242699418e-06,3.488332124183368796e-04,4.559341972106460940e-06,1.736421584301946788e-05,5.754791164262084606e-05,2.074851766328211181e-05,5.501321818244064610e-07,2.198478794476958309e-05,1.127202602456040059e-05,3.200889794315671562e-06,1.343344654215880984e-05,4.582536378668495549e-06,4.720688633264392995e-06,7.060420200195554447e-05,2.360907741334302288e-05,7.696091234469289166e-02,1.227204388983959669e-05,5.084875476494200303e-06,1.527956498910811121e-06,1.108869098580058170e-05,2.069411870728337910e-06,3.302244776759265639e-06,9.016428894570759358e-06,4.147168881764563505e-04,6.799594738424473211e-05,3.656318070538090544e-06,2.644575250880015142e-04,2.374222466894682147e-05,0.000000000000000000e+00,2.521511101898213909e-05,4.973789716484515650e-06,4.766663635875978544e-06,6.325347189832298850e-05,5.001421149312042800e-04,6.575542815919207742e-06,2.579072491744124223e-06,1.196679656849968398e-05,2.820886671904508365e-05,5.598910972977617765e-06,3.521296290415113601e-05,2.649597155496825779e-05,9.297719483638419309e-06,4.373337349637415986e-06,2.003734026927274022e-06,8.749736516322802521e-07
6.036757698263390004e-06,1.357490960452744227e-05,6.727237576306334211e-06,6.193498850760664146e-05,1.314089464779396422e-05,4.378972374015664893e-06,5.561285586605302694e-07,1.130301962528601207e-05,4.560329287597096972e-05,3.180423564398968871e-05,1.924582692812156435e-06,2.030891234388982833e-04,1.815576158568170102e-04,1.300864346067202149e-05,2.038067218660568453e-05,3.050460089145300431e-05,1.108821692258735654e-05,7.050527404387097204e-07,1.299469928295102912e-05,1.257233862289354905e-05,8.057284032469534674e-02,2.287574758167919582e-05,2.828368621716928992e-06,2.315625322533175205e-05,1.940206566142222302e-06,6.415420976667995894e-06,1.709422750517701622e-05,1.345311067978993984e-06,1.830156556379898241e-05,3.845184931477370529e-06,6.035662174839407832e-05,2.191888538810519751e-05,1.135956448660066936e-06,3.030555645182570553e-04,6.756391244582907975e-06,4.290238630238168481e-06,5.420436285617032704e-05,4.491156337599838760e-07,1.182812044734133781e-05,4.296109557249285272e-06,3.011603762021998614e-05,3.506648029647952834e-05,5.029817895038777073e-06,1.879267157565731535e-06,1.366587113768948282e-05,8.047209689083741597e-06,1.128027936241761235e-05,4.950742198624749841e-05,1.391779005623738045e-06
1.606735580458099883e-06,1.108040065362934841e-05,3.013909359981793584e-06,3.615639358473071539e-05,2.116764832596661479e-05,1.394279891636097329e-06,2.997497365304851040e-07,7.222208374183187135e-06,2.417447727996359719e-05,1.176012684779166404e-05,1.018116330736628756e-06,5.831176769489342533e-05,1.355706600610543518e-05,6.860065593239515118e-05,1.086430475577434216e-05,7.352836942271433932e-06,3.257438212548584333e-06,2.759831496070539565e-07,4.302149181957267787e-06,4.410339634633903715e-06,1.991659480158617572e-05,4.348147876507569426e-02,1.448183902185978162e-06,1.542994738059942297e-05,5.818726268937584872e-06,1.839055522231156258e-05,1.287639123456464089e-05,3.820453880205373813e-07,8.638163334419769965e-06,2.482987084313707478e-06,1.626370613479464930e-05,6.882546820055349974e-06,1.193658395697748468e-04,1.483412408580289915e-05,3.650016696718562820e-06,4.567406530005448394e-06,5.926352932144180744e-06,5.186394713811591394e-07,1.074768030041689621e-06,3.395452057315843317e-05,1.105197186934265420e-05,2.697689616479779668e-05,5.485832627538834016e-06,1.244496235825827379e-06,3.565617956343128519e-06,7.409139307087369223e-06,1.157505396983060954e-06,2.152529934911893864e-04,3.496993464819613797e-06
1.518785497575703440e-04,3.158922550496521190e-06,3.999166266257238143e-05,1.453581111694145246e-05,5.149692058145485319e-06,1.108094857874638288e-06,5.190811868324783545e-07,4.566718761137152863e-06,5.695623644320208895e-05,9.637853725322330508e-05,4.258580178722964820e-07,1.689671543266692115e-05,5.021886009348934064e-06,1.730851946823295678e-06,5.563696600874061913e-06,9.772234325300735775e-06,2.889615002457340646e-04,0.000000000000000000e+00,3.875764070555139165e-06,1.112189861736636053e-06,5.442045793517328061e-06,2.520056624894619692e-06,1.916006104088792406e-02,1.650832837957990471e-05,0.000000000000000000e+00,9.513401818706334711e-07,4.007909769305867365e-06,0.000000000000000000e+00,3.286817655097403082e-06,5.990624148739046209e-06,9.498836051776875773e-06,1.720250777875523331e-05,1.731324841529298665e-07,7.333563826789459522e-06,1.238686143426235364e-05,2.810288399561147432e-07,4.261924423891468283e-06,4.258580178722964820e-07,8.780523974085500328e-06,7.750182935112043578e-07,3.726695887271804018e-04,1.655363129410110585e-04,1.649991945143484822e-06,1.498748682652425520e-07,8.572064854286383788e-06,1.330196165684671711e-06,1.722424146858303295e-06,1.528907185397874037e-06,0.000000000000000000e+00
1.606831411761032983e-05,3.532845307979794099e-05,6.963508725310508412e-05,7.966450573200040087e-05,5.203551802789192353e-05,3.320254986386636424e-06,5.807785764865997943e-07,1.210382146720167272e-05,3.388930518342608378e-05,2.646596898281867416e-05,1.400367480927193766e-06,4.932583399954597369e-04,6.503978601260936813e-05,6.601987708748368884e-05,8.197041341051449414e-04,3.526891731377139883e-05,1.154660480510233776e-05,2.810288399561147432e-07,1.734718245601742898e-05,1.322072248213446937e-05,2.568358586740351519e-05,1.816753557577636933e-05,1.476176092779019374e-05,4.752524132586344319e-02,1.563648583922065135e-06,4.244370312290898323e-05,2.730459287019222484e-05,5.989905020252264015e-07,1.452174943288050004e-05,2.052549038534495882e-05,3.741009477533862145e-05,1.836558086565876242e-05,1.478126413103929328e-06,5.161846783033978143e-05,8.496672155750352483e-05,3.714472675237817474e-06,2.523035991487985203e-05,6.434699004996433864e-07,7.478897929482612360e-06,8.030661344278243122e-06,7.586657864202448170e-05,1.061102648781325286e-04,9.256040054909944422e-06,3.038447403924828691e-07,1.824179350398953293e-05,3.520899726835870000e-06,7.671129816335579919e-06,1.565106386604280138e-05,3.864844496570052625e-06
3.687646031159166138e-07,5.848859646305262592e-06,5.565702741118495905e-07,1.078832787949700137e-05,7.358166550484899380e-06,1.498748682652425520e-07,2.759831496070539565e-07,1.194879934547377084e-06,1.178376676573443959e-06,1.402312101773178940e-06,1.920674558456933958e-05,4.098259799685861818e-06,5.565702741118495905e-07,1.182155414809130479e-06,1.015662738854899775e-06,0.000000000000000000e+00,1.256665658904921893e-07,3.038447403924828691e-07,5.757328861375390075e-07,2.114727405974763022e-06,3.820453880205373813e-07,8.491259671040870451e-06,3.687646031159166138e-07,3.001914519818043191e-07,4.003955004119143408e-03,2.314852996379207566e-06,4.004594915274359937e-06,0.000000000000000000e+00,2.074457561077398802e-06,1.731324841529298665e-07,3.668836828106309521e-06,2.805871245047955810e-07,9.486644361754438087e-06,1.701597954099484582e-06,9.198474714273860436e-07,8.081003726278731831e-06,1.093977936198009446e-06,1.498748682652425520e-07,1.312311405882309214e-06,8.024821647363829537e-06,3.687646031159166138e-07,6.162446432906742360e-06,1.434572348035422598e-05,0.000000000000000000e+00,9.577782741580766006e-07,3.650804744917260559e-05,3.234490678694916072e-07,1.979879105300419505e-06,2.649997618007193846e-05
9.819865765328268044e-07,7.856239018158171685e-06,2.489535680057433800e-06,2.458130198221306374e-05,7.222250452692177409e-05,7.754600089625235729e-07,6.447477527229705174e-07,3.910546509652123171e-06,5.565120260940489159e-06,4.314052511292230725e-06,2.611456576575052713e-06,3.744823116298189519e-05,6.878235153913372139e-06,1.672614476579572086e-04,3.215756947574927575e-05,2.244051306534705225e-06,8.179947865909554897e-07,4.258580178722964820e-07,1.650106494858539822e-06,3.007177170820899615e-06,6.815314730470217276e-06,2.339489786286221465e-05,1.601133624942664669e-06,4.248619242274939857e-05,2.252208966496794488e-06,1.763444250783867059e-02,9.514942681131054080e-06,0.000000000000000000e+00,3.549305145637544310e-06,3.392812637926462550e-06,8.056349662193891981e-06,5.321821546595651820e-06,3.467754418464526949e-06,7.784388128114138204e-06,1.053718023074131239e-05,5.077985489746390721e-06,5.443692271231091436e-06,7.704143186134626803e-07,1.543487991278681970e-06,3.092194150795917867e-05,4.947191031553689356e-06,1.162430849966339901e-05,1.274120665616176771e-05,4.537196086577254476e-07,3.897265724747501186e-06,6.415115560503213282e-06,4.112993807443485307e-07,1.126533596560615994e-05,1.059106929492246876e-05
7.070393531624075699e-06,2.764464217403487145e-04,7.097644709261318031e-06,1.406919176630677280e-03,7.680040060889312809e-05,3.546713047170212397e-06,9.299388521255076171e-07,6.755031939732274850e-06,5.929181526595867039e-05,2.762434709170638798e-05,2.115612489431071251e-05,4.521168732030641423e-05,1.690370319625488470e-05,7.449028508525545648e-06,4.553786985185686600e-05,6.511422695947104687e-06,1.760837963786699199e-05,4.541613241090446098e-07,1.154972658519145646e-05,1.071171124958289918e-05,1.988653976102484582e-05,1.299637046686118518e-05,5.354793876015500894e-06,2.945245224193986558e-05,4.742680386672567168e-06,6.785497618728850802e-06,5.975925034201504810e-02,5.510828683114694827e-07,2.503581018578676916e-05,7.567031114582798703e-05,4.878001265154068732e-05,2.216618062063090662e-05,5.515245837627886978e-07,3.236230823266525496e-05,2.006404642196798780e-05,4.920723133984781632e-05,2.228643718728314372e-05,6.826785554536608626e-07,3.926166336723417443e-06,1.472255486092813383e-06,1.877806860432360288e-05,1.609056973836169241e-04,1.503409065803361659e-04,1.332788264152003412e-06,1.285095195491581738e-05,5.693170312138457552e-05,2.096957195887455736e-06,8.814572388975400430e-06,6.932682992479495880e-06
2.513331317809843787e-07,5.374076620861599616e-07,1.256665658904921893e-07,4.223926365576353558e-06,9.431050873150735434e-07,1.848840111718185502e-05,0.000000000000000000e+00,3.205659538510307326e-06,5.050234402417246325e-06,1.378103799398428524e-06,1.256665658904921893e-07,1.873021770687720967e-06,8.749736516322802521e-07,4.062536903952877439e-07,8.631957721223253906e-07,1.000198502071453412e-06,0.000000000000000000e+00,5.136228706901225903e-05,4.646241598494254735e-06,4.134950709310776865e-04,1.979415221096239990e-06,3.234490678694916072e-07,0.000000000000000000e+00,5.369659466348407465e-07,1.498748682652425520e-07,7.932302190498308591e-07,1.354382299306561933e-06,7.826738747686601619e-03,9.911704503866453967e-06,3.687646031159166138e-07,2.242566878234782297e-05,3.339439767165185929e-06,0.000000000000000000e+00,3.015732577261542277e-06,2.755414341557347413e-07,7.754600089625235729e-07,8.166246625784579399e-06,9.440211728496510418e-06,8.311610217805212043e-07,0.000000000000000000e+00,2.329558530984116995e-06,1.009339196282511858e-06,5.565702741118495905e-07,2.985772952017697309e-05,2.793265870734862146e-06,4.012080000462269572e-07,5.803368610352806850e-07,4.313454236726764839e-07,0.000000000000000000e+00
5.992531356089630950e-06,1.612758415842569578e-05,5.710041070493021959e-06,1.636175135937048802e-04,1.614084892994481574e-05,1.160286521526516590e-04,7.991319546685883666e-05,6.211515786582079554e-05,1.149839152850326953e-04,4.714145045345405263e-05,9.531742992603348172e-07,5.097621904579611047e-05,2.000408217431455708e-05,3.537405862561352968e-06,2.886854839841143465e-05,1.373811436256270349e-05,1.242806454163651781e-05,6.062311108445892989e-06,1.481292772866841915e-04,7.568774788242704462e-05,1.718421546199822559e-05,6.955129596972946844e-06,3.165223924316049337e-06,1.068339085964390518e-05,1.542979020242938375e-06,3.279101710586633562e-06,2.197401928629528827e-05,8.473635240765317559e-06,1.002594141204747186e-01,7.415045091078986175e-06,4.052433457234020861e-03,7.621574902639807671e-05,8.781852245916395869e-07,5.762255086333217466e-05,6.645906836571161935e-06,5.685700095909126886e-06,1.426789692770686875e-03,1.347131473585718873e-05,1.607651221785187025e-05,5.338241484951231670e-06,2.548502617221892711e-05,5.934146940015966494e-05,6.944127452695349873e-06,8.931057220082040392e-06,1.088122783107629051e-04,9.975356614502244569e-06,1.889202687439519381e-05,5.860651751083033427e-06,8.362067121295819910e-07
9.949602209509394036e-06,1.702543647818799410e-04,1.107016050846321755e-05,3.318448943308414012e-04,7.086301416649684896e-05,1.268388272574266338e-06,1.498748682652425520e-07,5.266747979979661779e-06,2.633145289099700543e-05,2.028585373128863919e-05,1.080255435842069411e-06,2.021216654458718185e-05,6.541607413704184940e-06,1.974833414951358613e-06,2.161255043004992025e-05,5.857949149159418958e-06,1.752067045825177801e-05,1.256665658904921893e-07,6.224979959332872457e-06,3.494212707201620495e-06,6.253330559700250941e-06,2.374254591738514474e-06,6.779716116055019113e-06,2.026508677156225256e-05,6.776328651046001817e-07,2.445996067960127290e-06,6.087490854081114053e-05,3.687646031159166138e-07,8.873203616948964476e-06,1.686377262081592207e-02,2.378792265838720370e-05,1.203848093992098106e-05,1.731324841529298665e-07,9.969169421864819921e-06,3.284135889497371658e-05,4.120726365633104635e-06,1.091588454971871055e-05,3.001914519818043191e-07,2.325790692858383551e-06,1.068771653205565600e-06,1.483520759353160781e-05,4.114501937875860750e-04,1.274211910966844718e-05,4.258580178722964820e-07,7.351535752788023477e-06,4.845574299998550918e-06,1.386880933852545211e-06,1.576373103660311740e-06,1.631338304153539105e-06
1.311563717344461893e-05,3.762944070198593981e-05,1.041648010987164336e-05,3.637665917054142798e-04,4.504809896218705043e-05,5.546373404741657565e-04,4.832898689573941455e-05,9.056359186381988339e-05,2.159582654422905791e-04,9.493665426374128856e-05,2.453755260342756575e-06,1.332595228570768273e-04,5.669259054093763492e-05,1.026013184493214126e-05,6.508047668667429843e-05,3.272623168750473044e-05,2.858540253251238316e-05,1.919115478010208868e-05,1.694973876408383808e-04,2.699412749762676090e-04,5.642854977293731473e-05,1.649752271308232963e-05,1.175466119156276680e-05,3.732676080114190873e-05,4.694658203243755143e-06,8.326184890935745287e-06,4.977615351259712383e-05,2.736713037271798976e-05,4.122980143916411822e-03,2.211037669527371525e-05,2.755240217734867825e-01,1.338576911167573859e-04,1.785193626565724025e-06,1.404333041455819314e-04,1.734395484705548456e-05,1.741389641503249521e-05,6.088777566444115866e-04,3.973879520452691942e-05,3.063605059910250677e-05,9.691709581874729889e-06,5.697970218300564050e-05,1.196275330714238473e-04,1.685511724267315430e-05,4.434330220664256940e-05,1.733104134615891907e-04,2.502833201089992127e-05,3.594715950239031973e-05,1.811513913649039659e-05,3.908745461125234672e-06
4.179519853616216261e-05,1.666795033717056201e-05,1.786071692495014643e-05,6.824479394506624520e-05,1.768888669729740817e-05,1.501307116971741087e-05,1.154472738899875986e-05,6.094828212555163273e-05,2.032972831169505533e-04,3.112844558625583644e-04,1.403262788260242067e-06,3.654390145360294530e-05,3.126424514501553818e-05,6.966527801850014156e-06,1.300221234304332255e-05,4.618337008828905652e-05,2.771251995179673810e-05,4.256811477957982905e-06,1.121963362757540903e-04,2.159544364081032240e-05,2.256833053547994570e-05,4.621121881404668049e-06,1.521082971482586233e-05,2.060425025476429688e-05,8.553693241552716199e-07,4.180761213345940613e-06,1.485689957418475689e-05,3.051431516123977772e-06,7.383642863382419697e-05,7.383346618465710166e-06,1.242261997572082107e-04,1.015983003403674728e-01,4.262997333236156972e-07,7.065517814496720937e-05,1.719479764039598876e-05,5.999259498991753324e-06,8.660015668497042247e-05,2.493992036377307525e-06,8.289541635525600775e-04,8.079034058928339162e-07,1.640903948889858594e-04,6.635920186563467433e-05,3.574667018917836275e-06,1.156444207039714422e-06,4.606383931531714531e-04,1.395905912022520641e-05,4.174989257402357909e-05,1.068757196268532303e-05,1.707527075351183693e-06
0.000000000000000000e+00,1.808101907964287434e-06,3.687646031159166138e-07,2.978799755148545680e-06,3.562889139407881413e-06,1.256665658904921893e-07,0.000000000000000000e+00,9.431050873150735434e-07,1.547141279689360414e-06,4.066954058466069061e-07,2.563788221300452184e-07,2.682781462723116529e-06,1.293657764892363497e-06,1.908079434838223522e-06,2.111652551483319093e-06,0.000000000000000000e+00,5.186394713811591394e-07,0.000000000000000000e+00,8.125073807905754878e-07,1.172064034111008906e-06,1.728656476975718584e-06,1.279942624970708273e-04,0.000000000000000000e+00,1.856451257129363356e-06,1.060926699519327940e-05,2.630292022864478126e-06,1.229157448867388880e-06,0.000000000000000000e+00,6.251434252459617793e-07,4.244656159339142452e-07,7.246570679157185644e-07,1.313703807820691450e-06,3.917461652327987320e-03,4.112993807443485307e-07,6.817951245510225382e-07,5.561285586605302694e-07,7.064451423770920631e-07,0.000000000000000000e+00,8.420885392506506936e-07,1.128797418587517987e-05,4.309037082213573217e-07,2.849475854588603478e-06,8.553693241552716199e-07,0.000000000000000000e+00,7.018411674793503856e-07,1.858463133559773015e-06,3.687646031159166138e-07,2.613652046422630019e-06,2.040578514336847409e-06
1.455536929057011903e-05,1.804217249805404303e-05,1.158042064251723668e-05,8.244616553043410297e-05,2.369549053936746667e-05,1.102051334562102106e-05,2.240305637161831551e-06,2.630746353726826241e-05,7.580045420674957641e-05,6.930415931186491459e-05,2.964137468415495169e-06,1.712318345014679965e-04,2.878446230653566775e-04,1.516544007014383168e-05,2.297357862276339300e-05,5.595093556700526808e-04,1.085924707568146672e-05,2.052150631676774430e-06,4.930357635344839143e-05,2.093306525490238731e-05,3.173027570721124037e-04,9.846547570002930796e-06,7.863308574681456358e-06,4.902402928892592957e-05,2.839410688902113482e-06,8.892965742012886603e-06,2.248820126107429614e-05,3.802561819145515084e-06,6.102764379987268969e-05,6.409377305701241783e-06,1.426813525899079521e-04,6.508961616857539072e-05,4.254163024209773198e-07,1.301284310130070843e-01,1.116836323004683362e-05,3.492371367427784051e-06,3.349448587978567731e-04,1.351192895100062580e-06,3.580609776622917646e-05,4.521547887843685894e-06,8.246145160795160525e-05,4.982206410915089508e-05,4.229775123834608885e-06,1.394371104091069746e-06,6.439956108407636753e-05,8.535828493852570421e-06,1.986591424140092793e-04,1.920335957772713377e-05,2.407998009645012142e-06
1.116596199802922932e-05,3.647319751237365875e-05,9.632216394948928302e-05,1.017604764850604343e-04,4.027343218090583476e-05,2.300079485088967071e-06,4.258580178722964820e-07,1.342073684798172266e-05,2.219997279083484650e-05,2.702643750912431874e-05,1.707549244104044099e-06,2.986228503243686515e-05,1.326043621089796078e-05,8.797820120959579909e-06,1.087452197719191181e-04,1.144747145667593387e-05,1.660293918311879239e-05,0.000000000000000000e+00,1.240914803386982108e-05,3.635435890837754463e-06,6.928529794376916219e-06,4.429616796374648873e-06,9.806184673884481978e-06,8.420714673954129634e-05,7.484236548391496589e-07,1.028370393832845311e-05,1.961601203779562592e-05,3.230073524181723921e-07,7.090407595323451851e-06,3.903274806986944506e-05,2.200341106450379530e-05,2.290387784539290152e-05,9.061722652020765225e-07,1.371511481806074619e-05,3.579401048456656159e-02,2.191981413374526373e-06,1.230669399703545297e-05,0.000000000000000000e+00,6.789707172305903990e-06,2.126652904062586577e-06,3.377806509161443844e-05,4.444373652490443347e-04,4.962023854943311387e-06,8.977895520686484309e-07,1.547316049741294942e-05,4.766446973595998474e-06,3.680433991950646365e-06,2.401752622767001785e-06,2.859125519835405518e-06
6.927699361517825420e-07,1.951182711399527864e-05,2.448776825578120168e-06,2.732497469717574371e-04,1.861215327265474480e-05,1.291204173010634728e-06,0.000000000000000000e+00,6.079110670592342753e-06,8.500865367314905299e-06,6.360568118590756671e-06,5.564845732958143112e-05,1.276284466028909216e-05,1.998201534295329093e-06,2.989306636286354573e-06,8.614043287875082475e-06,2.265043989691324710e-06,1.832751925790356959e-06,1.279426293500679867e-06,1.117188257955066432e-06,3.589711709002824147e-06,3.733341190390056157e-06,2.915268248104722365e-06,6.525411318272113359e-07,3.815838557791364203e-06,8.537831258290718130e-06,3.705795865230937484e-06,5.003976872195626825e-05,2.563788221300452184e-07,3.698422032825155687e-06,4.379779488183630923e-06,1.516830913424031044e-05,3.746490341877376260e-06,4.258580178722964820e-07,6.003747136056751734e-06,2.585396034316512564e-06,4.344822497035403380e-02,4.885564943742764738e-06,2.759831496070539565e-07,1.702061838303663885e-06,8.646416551469419232e-06,5.178934782226389721e-06,2.332094095553282460e-05,2.102920885657338806e-05,1.374450510987750080e-06,3.425186571973282291e-06,6.807283638251480874e-04,0.000000000000000000e+00,3.064712301028598486e-06,1.792024104173448607e-05
7.432900679244807815e-06,1.484050180458203681e-05,4.322240311717160032e-06,9.990610483873569008e-05,1.337710890118099167e-05,5.080331926883355356e-05,1.701638978403478353e-04,9.219680326911867051e-05,8.018297182945830978e-05,4.716056415488100974e-05,9.614315625687550446e-07,6.556918873287760153e-05,4.639866589747686725e-05,6.415782329125871008e-06,2.229213983558517797e-05,3.106499198316517240e-05,1.155698991414095655e-05,4.636654542279761922e-06,3.880278723346344762e-04,6.080649279611389987e-05,5.386184946227533986e-05,7.395441182783355604e-06,3.983748761061747676e-06,1.869825792365089159e-05,1.325592190786930140e-06,2.652644039096667214e-06,1.877025414610036577e-05,5.737254764475724113e-06,1.432041753898118629e-03,7.361793623883945611e-06,6.350638056491498791e-04,8.400282296574530089e-05,9.989537187109392328e-07,3.278098928198042855e-04,1.005283639617425502e-05,5.635933219427899042e-06,1.116698332505137309e-01,7.539113492861068896e-06,2.704766328732139283e-05,4.080873110809290263e-06,2.898444750324916057e-05,4.155126632173840084e-05,4.499934640561178153e-06,6.155751257376990756e-06,1.638955934539594519e-04,8.067144507454878719e-06,1.214492633662554895e-04,1.005951724494574561e-05,1.513305480820668152e-06
5.519662992141079130e-07,6.443060372716513022e-07,0.000000000000000000e+00,6.465207814603018980e-06,1.344313087361300554e-06,1.004932435171037274e-04,2.997497365304851040e-07,2.408484811927895754e-06,8.084914717542183464e-06,2.155759278208529404e-06,0.000000000000000000e+00,4.875973472736544171e-06,1.108094857874638288e-06,2.997497365304851040e-07,5.761746015888582227e-07,5.186394713811591394e-07,9.685130862187733167e-07,2.061291325887833088e-06,4.332751239113741368e-06,4.920773207065276848e-04,4.112993807443485307e-07,1.498748682652425520e-07,5.570119895631686997e-07,1.720840929118617254e-06,0.000000000000000000e+00,2.759831496070539565e-07,1.476859460990554955e-06,9.543436853817529662e-06,1.511783115163070448e-05,1.731324841529298665e-07,3.772981582979948617e-05,2.094061888554407858e-06,0.000000000000000000e+00,1.619460100196346488e-06,1.256665658904921893e-07,0.000000000000000000e+00,8.703812755910137958e-06,1.166480882266182455e-02,1.079304749355006283e-06,0.000000000000000000e+00,1.402289933020318746e-06,2.629319167624555228e-06,2.810288399561147432e-07,2.183304603367647230e-06,6.441860774378046378e-06,4.062536903952877439e-07,2.563788221300452184e-07,1.256665658904921893e-07,1.731324841529298665e-07
2.668520189679111777e-05,3.896778922464619691e-06,5.829159040639787376e-06,2.164557732663295557e-05,4.144967736870668532e-06,4.082832678023999261e-06,4.290396427825083246e-06,1.811977109520033642e-05,1.286332951195971221e-04,4.532032965380046051e-04,4.016497154975461723e-07,1.184047492181081842e-05,1.255053879753761898e-05,9.531742992603348172e-07,2.150735756612328705e-06,2.089114086239079980e-05,1.049382743883496105e-05,8.325534237189034411e-07,3.193142076012739936e-05,7.440219324683339321e-06,1.361733459980049684e-05,1.645060804509478929e-06,1.244829782413077304e-05,6.003430870430440489e-06,6.227570889486574961e-07,1.432052896779873649e-06,5.573300089655438617e-06,1.498748682652425520e-07,2.044124907421707843e-05,3.935196527478192273e-06,3.247796655636400645e-05,8.300552983130202352e-04,7.375292062318332277e-07,4.600248400189812121e-05,5.928735892635196628e-06,2.174944058987078909e-06,2.974729012012343593e-05,5.989905020252264015e-07,3.389054337441740894e-02,0.000000000000000000e+00,5.354252532978098143e-05,2.898684064274921829e-05,1.178376676573443959e-06,1.983090678259778628e-06,8.920815250964002525e-05,2.153416189783083827e-06,1.718115945129537511e-05,2.402510603844631928e-06,2.755414341557347413e-07
1.028943523759520702e-06,4.534691954280390991e-06,6.757987477148986239e-07,7.227586966454490346e-06,1.201693204244000573e-05,1.162945508652810442e-06,4.728822206834149705e-07,1.485094555546114777e-06,1.397266411424118047e-06,6.630742279766521245e-07,4.860937094669555407e-06,1.322362905811042352e-05,4.811562581048854656e-06,4.533474777324798859e-05,6.365904999836783355e-06,7.347484486138401379e-07,2.755414341557347413e-07,4.258580178722964820e-07,1.150956801239334420e-06,2.265600254857699454e-06,3.140154359791520262e-06,3.989512156214820908e-05,7.375292062318332277e-07,4.956491362311367305e-06,1.259568083950255906e-05,2.715103970894610044e-05,3.374600712387835943e-06,0.000000000000000000e+00,4.201316227310012796e-06,1.265161753246182967e-06,9.335460779702121648e-06,1.157063681531741845e-06,1.571314661567377126e-05,5.313006230003171016e-06,2.167795279752635939e-06,6.626257422262589858e-06,2.539816542659476444e-06,1.307122562395530026e-07,7.297027582647794570e-07,4.481118792453907262e-03,1.376600894003762883e-06,3.347564358264462347e-06,2.305147344190888158e-06,7.250987833670378854e-07,2.675834399399929804e-06,1.650378948099886977e-05,2.614245124791060051e-07,7.280845287500711120e-06,1.591974947194740191e-05
1.893276688998165160e-04,1.572880579339065013e-05,1.360613896923630248e-04,7.858560152780854160e-05,1.948876145419117768e-05,6.631356120311175987e-06,2.187466862814069480e-06,1.626507758788398099e-05,1.202574189020251798e-04,3.897532281292905303e-04,9.531742992603348172e-07,1.089828410620847452e-04,8.723018114201798760e-05,7.474038039849786184e-06,2.028453764608493444e-05,2.982929635227277187e-04,4.872135924940000688e-05,9.681968205924620717e-07,2.381367651373513840e-05,1.488224148601125403e-05,3.396842451008731054e-05,1.233510354096925852e-05,3.936860130766039524e-04,7.423870988371672702e-05,2.458359235240497723e-06,3.497811479097533326e-06,2.027378935808226248e-05,3.194496039533948608e-06,2.369651806015465542e-05,1.119917427614712341e-05,5.676448842673848080e-05,1.814464508631844170e-04,4.066954058466069061e-07,8.930008507714368290e-05,3.072596075299088473e-05,5.171635427789168355e-06,3.188590678328556834e-05,1.247391543158875681e-06,5.429848533113048936e-05,1.699291980795623871e-06,7.737651093025448013e-02,1.844916219268659971e-04,5.778400068565747972e-06,1.482221416965926669e-06,8.145018369356460581e-05,5.589902950975702706e-06,2.549769696315674339e-05,1.572111561648520083e-05,2.667224844977475147e-06
1.084154043457948545e-04,2.132947190139822995e-04,2.611258541465701142e-04,6.445787637732198344e-04,1.765760288460331041e-04,9.736166811596287527e-06,2.177422776246578210e-06,3.519683458167534768e-05,3.073649333447141447e-04,1.917266077287367468e-04,8.567718950774371565e-06,1.325522334757542201e-04,4.468320989306074877e-05,1.785559095048100479e-05,7.342810950984765778e-05,4.661877948540795559e-05,8.013110017645403088e-04,1.939278048408019369e-06,3.678265392056718504e-05,3.401705264122416007e-05,4.031290665926150576e-05,2.620757831228956469e-05,1.686861776698957269e-04,1.127403198720622362e-04,4.458383986815575510e-06,1.479361613097359828e-05,1.451806303864308428e-04,3.281804312510248455e-06,5.856186229761988827e-05,3.797132413506661250e-04,1.128584257488360570e-04,7.090610203528059001e-05,2.509534428855131239e-06,5.325337881218516534e-05,4.494772166988800243e-04,2.304089765904427102e-05,4.942447643014298369e-05,2.331901619409562148e-06,3.048651901144947874e-05,5.007625515353208125e-06,1.755896855483152479e-04,4.998399406635871123e-01,3.667072408030045143e-05,2.434901691559242140e-06,6.310826759363315783e-05,4.060579411916179476e-05,1.693208393708510280e-05,1.920563136430938496e-05,9.221215387415826185e-06
1.111748146285316732e-06,5.803160037871533760e-05,2.706989765097866309e-06,1.965520370592221575e-04,1.051561108580577943e-04,9.248931617764469362e-07,0.000000000000000000e+00,4.185237581768032752e-06,1.233319996069606605e-05,8.043352795153677092e-06,5.550004208045052740e-05,1.343813150856827406e-05,3.275753419159359246e-06,7.062271818276348065e-06,1.132044304849127948e-05,2.595992339791606561e-06,3.557291230151217795e-06,1.210411426915248145e-06,3.880758420514796677e-06,4.939553242737296975e-06,5.633626156490177286e-06,6.639968653975622352e-06,5.418970872688464274e-07,9.731517749866980393e-06,9.360073384032791588e-06,1.242333332879608128e-05,1.604418120487391690e-04,5.565702741118495905e-07,7.560990696554186798e-06,1.601393030766124986e-05,1.534973781316587067e-05,3.554948141725771796e-06,6.443060372716513022e-07,4.709138684677326168e-06,6.281652737756931835e-06,2.649096724550000504e-05,5.950299787326915529e-06,5.186394713811591394e-07,9.582199896093954981e-07,1.763770128067738719e-06,5.796159378543102606e-06,4.242108164273422551e-05,2.499659570979482701e-02,8.608567299556515159e-07,3.883442899944324666e-06,1.698931627760846589e-05,1.071431007257321998e-06,1.559155112480607179e-06,2.923779529102162454e-05
3.006331674331235343e-07,2.404152015824901136e-06,0.000000000000000000e+00,1.100007858603308338e-05,1.226726025738520093e-06,8.535149735486100692e-06,2.987990500434220824e-07,2.204550342824924223e-06,4.679276486104394132e-06,2.309017294881547095e-06,0.000000000000000000e+00,3.017521607819679332e-06,6.872825303514024342e-07,1.498748682652425520e-07,3.304859043979457745e-06,3.820453880205373813e-07,1.503165837165617671e-07,4.899589484457198774e-06,3.665875354822698202e-06,3.208974947171968831e-05,2.109084409886535112e-06,4.769772245454126827e-07,4.733239361347341857e-07,9.032769578690284328e-07,1.731324841529298665e-07,1.095572054047647716e-06,7.580060645015275318e-07,3.195577258397923538e-05,8.746972093081210715e-06,1.307122562395530026e-07,4.376400883223792270e-05,1.016219004021274308e-06,1.731324841529298665e-07,1.549291662705373429e-06,2.759831496070539565e-07,9.485924931154534394e-07,7.532592150920817350e-06,9.006848594016965206e-07,6.918865052491440058e-07,1.731324841529298665e-07,1.183864082373823961e-06,2.280003301697799074e-06,5.611742490095911621e-07,2.912596514003677663e-03,2.127410885140216296e-06,9.011265748530158417e-07,4.117410961956677987e-07,4.491156337599838760e-07,0.000000000000000000e+00
1.919563236457345713e-05,1.002474615336502879e-05,1.219061448735945574e-05,5.836626148762695797e-05,1.249547940534742728e-05,1.637193422401285326e-05,3.554243625398918424e-05,1.192755809356132448e-03,8.942463954936339526e-05,1.332734058020550681e-04,1.475908774503491828e-06,2.353072192475296590e-05,1.762331714965355850e-05,4.074901859350936563e-06,1.043353667638703962e-05,3.095894238233090693e-05,2.173094712377347969e-05,2.382906276367623296e-06,9.272692423387148388e-04,2.547598399172033859e-05,1.897706616838165447e-05,3.459091833725465474e-06,1.003876567899439268e-05,2.078212587153593720e-05,2.755414341557347413e-07,2.492080484394135621e-06,1.164775472385972984e-05,3.155470977997098991e-06,1.091599746859304391e-04,8.948442120840924209e-06,1.730086861985941158e-04,4.597509326388290476e-04,7.704143186134626803e-07,6.423464470185151053e-05,1.382502704571109299e-05,3.794525562749661877e-06,1.611667823136151150e-04,4.640227099164042540e-06,7.937631551716482455e-05,1.671099178015159307e-06,8.754136484543437581e-05,5.984333814052929902e-05,2.045645283804907027e-06,2.113780765746471490e-06,8.122080718874290228e-02,5.860840410233695240e-06,8.431797026109889468e-05,4.470103303551994010e-06,6.447477527229705174e-07
1.391893555338793257e-06,3.460752120242945067e-05,2.250927068014695868e-06,2.118687477840017512e-04,2.285933340773453214e-05,7.050527404387097204e-07,0.000000000000000000e+00,5.576389169414700214e-06,1.878754388633598776e-05,1.012137647844555267e-05,1.250493338625741850e-04,2.048417313727356683e-05,4.777794037764585820e-06,2.404942026973500715e-06,6.864671121596828159e-06,1.645387970245742826e-06,3.976383989999807197e-06,1.051443158569577635e-06,2.534261881274671745e-06,7.731767063746014827e-06,7.273314104914332060e-06,7.975015597300854690e-06,1.705398861088031296e-06,6.036846032966813214e-06,3.558487075781879215e-05,6.295172353694392813e-06,5.043794214859444977e-05,1.256665658904921893e-07,7.920877891610767716e-06,4.824953869409759622e-06,2.862769435397584516e-05,1.148818914977489273e-05,1.481905151339615424e-06,7.370326861571727232e-06,4.615069199936090678e-06,6.918894644823385528e-04,8.335426658919886875e-06,4.062536903952877439e-07,2.095679343664128711e-06,1.731953464976043627e-05,5.037826148305311177e-06,4.078011098494200003e-05,1.928139771105702354e-05,7.832533880667643914e-07,5.344533127168028283e-06,7.758042053447683495e-02,8.079034058928339162e-07,5.277056022957763634e-06,1.457207312417302100e-05
1.920509857703018864e-06,2.475780110838680918e-06,2.715574194142551069e-06,1.179740275083594606e-05,1.649991945143484822e-06,3.708182201528241979e-06,1.649664779407220501e-06,2.490755768240415986e-05,1.210557522159793198e-05,1.284343201274740600e-05,5.848735803485976653e-07,1.334454807678407744e-05,1.297436999261078298e-05,1.800308528860046509e-06,2.130737007814630842e-06,4.718287796616414914e-05,2.332228785145826469e-06,5.561285586605302694e-07,8.283792951664432534e-05,5.998262686881282071e-06,1.270114763916792592e-05,4.541613241090446098e-07,1.982185078604280216e-06,8.886708337166124378e-06,2.987990500434220824e-07,9.289659968855846134e-07,1.481069014567607720e-06,8.316699928162650108e-07,1.910161627848819100e-05,2.138430783572541015e-06,3.677245128708693680e-05,3.983953834513618593e-05,0.000000000000000000e+00,2.074153578950362715e-04,2.686354388140351612e-06,5.418970872688464274e-07,1.194330152281185232e-04,0.000000000000000000e+00,1.440772516850792580e-05,9.678696548561979623e-07,3.234938708206636267e-05,1.607926162456559531e-05,4.304619927700380536e-07,1.145491564191814401e-06,8.523455717550909030e-05,1.745962802858846567e-06,9.673844801564213461e-03,9.735587765678342094e-07,0.000000000000000000e+00
2.174921890234218715e-06,7.807285140869793224e-06,3.619054036430058454e-06,2.517803263655783597e-05,1.102352499078681125e-05,1.272041560984944994e-06,1.498748682652425520e-07,3.717606813603705615e-06,1.466567596776609365e-05,9.895981395723013084e-06,1.498748682652425520e-07,3.931442541986389740e-04,4.326956043069036883e-05,3.614038410774652791e-05,9.904691274592703379e-06,1.027468251035010788e-05,2.578516226577749902e-06,1.013512355838887184e-06,4.908502247745368551e-06,5.156623806566994600e-06,4.694766268173183893e-05,2.237333894456649196e-04,1.856009541678044247e-06,1.265265183993220327e-05,1.886655936340237368e-06,8.821505227030771603e-06,4.768575187859150871e-06,1.002032619461154758e-06,4.700995971083961576e-06,1.765172709015166604e-06,1.175553372235544856e-05,1.164545271794127980e-05,4.545339600144887521e-06,2.443331602154687741e-05,3.732275954187937183e-06,3.738205075439636717e-06,8.470381537599305118e-06,6.200977348969009925e-07,2.685878485967420652e-06,7.384570322707226043e-06,8.764867752993526077e-06,1.925658192393406152e-05,1.784335321040856127e-06,1.731324841529298665e-07,4.214391250044606517e-06,6.065989522234340906e-06,9.681968205924620717e-07,3.309426278562915130e-02,1.621316386338908028e-06
6.922136709854082210e-07,3.262167637271333980e-06,9.248931617764469362e-07,2.066743152915424472e-05,6.410781815300274503e-05,4.254163024209773198e-07,0.000000000000000000e+00,1.769334968461589067e-06,1.500626047913986261e-06,2.235259946812770658e-06,2.396244455982226218e-05,1.123100614207044706e-05,3.199192395393885410e-06,4.931786078644687416e-06,5.536342142164672122e-06,7.754600089625235729e-07,9.006848594016965206e-07,0.000000000000000000e+00,1.209994836841699145e-06,8.307193063292020950e-07,1.481021720436977206e-06,3.139690475587340747e-06,1.313262092369372341e-06,4.358248662354726986e-06,2.861062174043574574e-05,1.195816409599852649e-05,4.947350668100309495e-06,0.000000000000000000e+00,2.119153621831796280e-06,2.154514494848014801e-06,3.456826900994397883e-06,1.471372055190174741e-06,8.754826226680241645e-07,2.701309653888054381e-06,1.406452192466740997e-06,1.878479944386530928e-05,2.879487828390044717e-06,1.731324841529298665e-07,2.614245124791060051e-07,1.866279952836558053e-05,3.787241154681164759e-06,9.477206041783019992e-06,3.585885833714690411e-05,4.491156337599838760e-07,8.512743202932738548e-07,1.435705559815408992e-05,0.000000000000000000e+00,1.511159144063426732e-06,2.291540954160072464e-03
